{
  "coordinates": [
    { "stateName": "AL", "latitude": "32.318231", "longtitude": "-86.902298"},
    { "stateName": "AK", "latitude": "63.588753", "longtitude": "-154.493062"},
    { "stateName": "AZ", "latitude": "34.048928", "longtitude": "-111.093731"},
    { "stateName": "AR", "latitude": "35.20105", "longtitude": "-91.831833"},
    { "stateName": "CA", "latitude": "36.778261", "longtitude": "-119.417932"},
    { "stateName": "CO", "latitude": "39.550051", "longtitude": "-105.782067"},
    { "stateName": "CT", "latitude": "41.603221", "longtitude": "-73.087749"},
    { "stateName": "DE", "latitude": "38.910832", "longtitude": "-75.52767"},
    { "stateName": "FL", "latitude": "27.664827", "longtitude": "-81.515754"},
    { "stateName": "GA", "latitude": "32.157435", "longtitude": "-82.907123"},
    { "stateName": "HI", "latitude": "19.898682", "longtitude": "-155.665857"},
    { "stateName": "ID", "latitude": "44.068202", "longtitude": "-114.742041"},
    { "stateName": "IL", "latitude": "40.633125", "longtitude": "-89.398528"},
    { "stateName": "IN", "latitude": "40.551217", "longtitude": "-85.602364"},
    { "stateName": "IA", "latitude": "41.878003", "longtitude": "-93.097702"},
    { "stateName": "KS", "latitude": "39.011902", "longtitude": "-98.484246"},
    { "stateName": "KY", "latitude": "37.839333", "longtitude": "-84.270018"},
    { "stateName": "LA", "latitude": "31.244823", "longtitude": "-92.145024"},
    { "stateName": "ME", "latitude": "45.253783", "longtitude": "-69.445469"},
    { "stateName": "MD", "latitude": "39.045755", "longtitude": "-76.641271"},
    { "stateName": "MA", "latitude": "42.407211", "longtitude": "-71.382437"},
    { "stateName": "MI", "latitude": "44.314844", "longtitude": "-85.602364"},
    { "stateName": "MN", "latitude": "46.729553", "longtitude": "-94.6859"},
    { "stateName": "MS", "latitude": "32.354668", "longtitude": "-89.398528"},
    { "stateName": "MO", "latitude": "37.964253", "longtitude": "-91.831833"},
    { "stateName": "MT", "latitude": "46.879682", "longtitude": "-110.362566"},
    { "stateName": "NE", "latitude": "41.492537", "longtitude": "-99.901813"},
    { "stateName": "NV", "latitude": "38.80261", "longtitude": "-116.419389"},
    { "stateName": "NH", "latitude": "43.193852", "longtitude": "-71.572395"},
    { "stateName": "NJ", "latitude": "40.058324", "longtitude": "-74.405661"},
    { "stateName": "NM", "latitude": "34.97273", "longtitude": "-105.032363"},
    { "stateName": "NY", "latitude": "43.299428", "longtitude": "-74.217933"},
    { "stateName": "NC", "latitude": "35.759573", "longtitude": "-79.0193"},
    { "stateName": "ND", "latitude": "47.551493", "longtitude": "-101.002012"},
    { "stateName": "OH", "latitude": "40.417287", "longtitude": "-82.907123"},
    { "stateName": "OK", "latitude": "35.007752", "longtitude": "-97.092877"},
    { "stateName": "OR", "latitude": "43.804133", "longtitude": "-120.554201"},
    { "stateName": "PA", "latitude": "41.203322", "longtitude": "-77.194525"},
    { "stateName": "RI", "latitude": "41.580095", "longtitude": "-71.477429"},
    { "stateName": "SC", "latitude": "33.836081", "longtitude": "-81.163725"},
    { "stateName": "SD", "latitude": "43.969515", "longtitude": "-99.901813"},
    { "stateName": "TN", "latitude": "35.517491", "longtitude": "-86.580447"},
    { "stateName": "TX", "latitude": "31.968599", "longtitude": "-99.901813"},
    { "stateName": "UT", "latitude": "39.32098", "longtitude": "-111.093731"},
    { "stateName": "VT", "latitude": "44.558803", "longtitude": "-72.577841"},
    { "stateName": "VA", "latitude": "37.431573", "longtitude": "-78.656894"},
    { "stateName": "WA", "latitude": "47.751074", "longtitude": "-120.740139"},
    { "stateName": "WV", "latitude": "38.597626", "longtitude": "-80.454903"},
    { "stateName": "WI", "latitude": "43.78444", "longtitude": "-88.787868"},
    { "stateName": "WY", "latitude": "43.075968", "longtitude": "-107.290284"}
  ]
}